,MAE,MASE,prediction_trend_accuracy,noise_std,1-PTA,folder
0,21532.854696085164,26.38486753426325,0.4505494505494505,baseline,0.5494505494505495,real_world_sir/tl_results
1,2863.069099845467,2.857720034140537,0.9807692307692308,4.0,0.019230769230769162,real_world_sir/tl_results
2,2639.881911057692,2.634949825486909,0.9807692307692308,16.0,0.019230769230769162,real_world_sir/tl_results
3,3787.783353365385,3.780706646053541,0.9807692307692308,16384.0,0.019230769230769162,real_world_sir/tl_results
4,2949.714865212912,2.944203919415032,0.9807692307692308,1024.0,0.019230769230769162,real_world_sir/tl_results
5,3736.285961109203,3.729305466262097,0.9807692307692308,256.0,0.019230769230769162,real_world_sir/tl_results
6,2287.059945913461,2.282787036844496,0.9807692307692308,0.0,0.019230769230769162,real_world_sir/tl_results
7,2810.042571686127,2.804792575327181,0.9807692307692308,64.0,0.019230769230769162,real_world_sir/tl_results
8,3876.056404532967,3.86881477687369,0.9807692307692308,4096.0,0.019230769230769162,real_world_sir/tl_results
9,21489.155771683672,26.331321901415382,0.5238095238095238,baseline,0.47619047619047616,real_world_sir/tl_results
10,884.7336881868132,0.8830807421822157,0.9743589743589745,4.0,0.02564102564102555,real_world_sir/tl_results
11,1028.5922046703297,1.0266704881156516,0.9743589743589745,16.0,0.02564102564102555,real_world_sir/tl_results
12,2133.824315333105,2.129837696055872,0.9807692307692308,16384.0,0.019230769230769162,real_world_sir/tl_results
13,969.8277493990385,0.968015822346953,0.967948717948718,1024.0,0.03205128205128205,real_world_sir/tl_results
14,908.2775261847528,0.9065805932793836,0.9807692307692308,256.0,0.019230769230769162,real_world_sir/tl_results
15,901.826890882555,0.9001420096849395,0.9743589743589745,0.0,0.02564102564102555,real_world_sir/tl_results
16,991.7258649553572,0.9898730257021198,0.9423076923076924,64.0,0.0576923076923076,real_world_sir/tl_results
17,938.5929666037088,0.9368393954276518,0.9807692307692308,4096.0,0.019230769230769162,real_world_sir/tl_results
18,21523.81655342425,26.373792820750825,0.4725274725274725,baseline,0.5274725274725275,real_world_sir/tl_results
19,1561.6646527300825,1.558746998092627,0.9551282051282052,4.0,0.04487179487179482,real_world_sir/tl_results
20,1410.9265753777472,1.4082905443588192,0.9743589743589745,16.0,0.02564102564102555,real_world_sir/tl_results
21,2596.142020089286,2.591291653660639,0.9807692307692308,16384.0,0.019230769230769162,real_world_sir/tl_results
22,1633.034512362637,1.6299835175733333,0.9807692307692308,1024.0,0.019230769230769162,real_world_sir/tl_results
23,1559.234578897665,1.5563214643618082,0.9807692307692308,256.0,0.019230769230769162,real_world_sir/tl_results
24,1531.8528502747251,1.528990892962257,0.9743589743589745,0.0,0.02564102564102555,real_world_sir/tl_results
25,1527.9566341861262,1.525101956165611,0.9807692307692308,64.0,0.019230769230769162,real_world_sir/tl_results
26,2167.354760473901,2.1633054963397265,0.9807692307692308,4096.0,0.019230769230769162,real_world_sir/tl_results
27,21478.68455804798,26.3184912020678,0.3278388278388278,baseline,0.6721611721611722,real_world_sir/tl_results
28,1337.850382039835,1.335350879112266,0.9743589743589745,4.0,0.02564102564102555,real_world_sir/tl_results
29,1100.591528588599,1.0985352958553312,0.9230769230769232,16.0,0.07692307692307676,real_world_sir/tl_results
30,3800.008445655906,3.792908898231012,0.9807692307692308,16384.0,0.019230769230769162,real_world_sir/tl_results
31,1780.6906228537086,1.7773637624777885,0.9743589743589745,1024.0,0.02564102564102555,real_world_sir/tl_results
32,1535.9944518372254,1.533124756779663,0.9615384615384616,256.0,0.038461538461538436,real_world_sir/tl_results
33,1099.4061856112637,1.0973521674516746,0.9294871794871796,0.0,0.07051282051282037,real_world_sir/tl_results
34,1268.9425545157967,1.2665717919309003,0.9294871794871796,64.0,0.07051282051282037,real_world_sir/tl_results
35,1476.8104717548074,1.4740513499971204,0.9551282051282052,4096.0,0.04487179487179482,real_world_sir/tl_results
36,21503.011793870188,26.348300110533632,0.5054945054945055,baseline,0.4945054945054945,real_world_sir/tl_results
37,2510.9302240728025,2.506239058655319,0.9807692307692308,4.0,0.019230769230769162,real_world_sir/tl_results
38,2192.32020518544,2.188224298165796,0.9743589743589745,16.0,0.02564102564102555,real_world_sir/tl_results
39,3344.508778331044,3.3382602399332204,0.9807692307692308,16384.0,0.019230769230769162,real_world_sir/tl_results
40,2664.2899424793954,2.659312255437167,0.9807692307692308,1024.0,0.019230769230769162,real_world_sir/tl_results
41,2611.069668612637,2.6061914128910715,0.9807692307692308,256.0,0.019230769230769162,real_world_sir/tl_results
42,1844.2885581215655,1.8408428778630013,0.9743589743589745,0.0,0.02564102564102555,real_world_sir/tl_results
43,2411.588749141484,2.4070831831832176,0.9807692307692308,64.0,0.019230769230769162,real_world_sir/tl_results
44,2793.33943595467,2.7881206460274903,0.9807692307692308,4096.0,0.019230769230769162,real_world_sir/tl_results
0,13.060312947812289,1.194691263347118,0.5217391304347826,baseline,0.4782608695652174,real_world_rosenbaum_coherent_new/tl_results
1,10.686253208215687,0.9775243056414612,0.782608695652174,4096.0,0.21739130434782605,real_world_rosenbaum_coherent_new/tl_results
2,9.93133042211118,0.9084677936984,0.7608695652173914,4.0,0.23913043478260865,real_world_rosenbaum_coherent_new/tl_results
3,9.968081975743392,0.9118296396368764,0.782608695652174,16.0,0.21739130434782605,real_world_rosenbaum_coherent_new/tl_results
4,9.803336700218312,0.8967595764512545,0.7608695652173914,64.0,0.23913043478260865,real_world_rosenbaum_coherent_new/tl_results
5,9.947156661213308,0.9099154978738286,0.782608695652174,0.0,0.21739130434782605,real_world_rosenbaum_coherent_new/tl_results
6,9.89985789810402,0.9055888466458228,0.782608695652174,1024.0,0.21739130434782605,real_world_rosenbaum_coherent_new/tl_results
7,9.762417285753337,0.8930164757186816,0.782608695652174,256.0,0.21739130434782605,real_world_rosenbaum_coherent_new/tl_results
8,10.686253208215687,0.9775243056414612,0.782608695652174,16384.0,0.21739130434782605,real_world_rosenbaum_coherent_new/tl_results
9,12.654861663597218,1.1576026339321734,0.4130434782608695,baseline,0.5869565217391305,real_world_rosenbaum_coherent_new/tl_results
10,10.685880749467492,0.9774902350020972,0.717391304347826,4096.0,0.28260869565217395,real_world_rosenbaum_coherent_new/tl_results
11,10.476567117442256,0.9583432843525044,0.7391304347826086,4.0,0.26086956521739135,real_world_rosenbaum_coherent_new/tl_results
12,10.561942986198096,0.9661530363018522,0.7391304347826086,16.0,0.26086956521739135,real_world_rosenbaum_coherent_new/tl_results
13,10.4717100541488,0.9578989848088866,0.7391304347826086,64.0,0.26086956521739135,real_world_rosenbaum_coherent_new/tl_results
14,10.553008177384088,0.9653357252563648,0.7391304347826086,0.0,0.26086956521739135,real_world_rosenbaum_coherent_new/tl_results
15,10.40048072759656,0.951383286872237,0.7391304347826086,1024.0,0.26086956521739135,real_world_rosenbaum_coherent_new/tl_results
16,10.453005833280262,0.9561880174416688,0.7608695652173914,256.0,0.23913043478260865,real_world_rosenbaum_coherent_new/tl_results
17,10.685880749467492,0.9774902350020972,0.717391304347826,16384.0,0.28260869565217395,real_world_rosenbaum_coherent_new/tl_results
18,13.086487271958504,1.1970855579177346,0.5434782608695652,baseline,0.4565217391304348,real_world_rosenbaum_coherent_new/tl_results
19,10.881796870577164,0.9954116492265388,0.7391304347826086,4096.0,0.26086956521739135,real_world_rosenbaum_coherent_new/tl_results
20,10.328144213358565,0.9447663090152404,0.7391304347826086,4.0,0.26086956521739135,real_world_rosenbaum_coherent_new/tl_results
21,10.355247554502627,0.947245585354308,0.7391304347826086,16.0,0.26086956521739135,real_world_rosenbaum_coherent_new/tl_results
22,10.403639435699022,0.9516722294870544,0.7391304347826086,64.0,0.26086956521739135,real_world_rosenbaum_coherent_new/tl_results
23,10.331262576338176,0.9450515610626128,0.7391304347826086,0.0,0.26086956521739135,real_world_rosenbaum_coherent_new/tl_results
24,10.341326908719717,0.9459721952017558,0.7391304347826086,1024.0,0.26086956521739135,real_world_rosenbaum_coherent_new/tl_results
25,10.497373188958653,0.9602465183687594,0.7391304347826086,256.0,0.26086956521739135,real_world_rosenbaum_coherent_new/tl_results
26,10.881796870577164,0.9954116492265388,0.7391304347826086,16384.0,0.26086956521739135,real_world_rosenbaum_coherent_new/tl_results
27,12.701114059669386,1.161833568804645,0.3695652173913043,baseline,0.6304347826086957,real_world_rosenbaum_coherent_new/tl_results
28,11.300894023508263,1.0337485335800112,0.8043478260869565,4096.0,0.19565217391304346,real_world_rosenbaum_coherent_new/tl_results
29,9.427254031084589,0.8623574391590093,0.7391304347826086,4.0,0.26086956521739135,real_world_rosenbaum_coherent_new/tl_results
30,9.39097183725108,0.8590385278770851,0.7391304347826086,16.0,0.26086956521739135,real_world_rosenbaum_coherent_new/tl_results
31,9.278817498580269,0.8487792171628699,0.7391304347826086,64.0,0.26086956521739135,real_world_rosenbaum_coherent_new/tl_results
32,9.42411996703217,0.8620707508570402,0.7391304347826086,0.0,0.26086956521739135,real_world_rosenbaum_coherent_new/tl_results
33,9.421985408948816,0.8618754922975034,0.7391304347826086,1024.0,0.26086956521739135,real_world_rosenbaum_coherent_new/tl_results
34,9.391101080853003,0.8590503504270254,0.7391304347826086,256.0,0.26086956521739135,real_world_rosenbaum_coherent_new/tl_results
35,11.300894023508263,1.0337485335800112,0.8043478260869565,16384.0,0.19565217391304346,real_world_rosenbaum_coherent_new/tl_results
36,13.111797069604846,1.199400769983938,0.4782608695652174,baseline,0.5217391304347826,real_world_rosenbaum_coherent_new/tl_results
37,11.713276186404022,1.0714711646639987,0.782608695652174,4096.0,0.21739130434782605,real_world_rosenbaum_coherent_new/tl_results
38,9.68604536250018,0.8860303590888465,0.7391304347826086,4.0,0.26086956521739135,real_world_rosenbaum_coherent_new/tl_results
39,9.621071190212083,0.8800868509749159,0.7391304347826086,16.0,0.26086956521739135,real_world_rosenbaum_coherent_new/tl_results
40,9.762381571341251,0.8930132087451979,0.7391304347826086,64.0,0.26086956521739135,real_world_rosenbaum_coherent_new/tl_results
41,9.726408176698548,0.8897225448488341,0.7391304347826086,0.0,0.26086956521739135,real_world_rosenbaum_coherent_new/tl_results
42,9.496467416735662,0.8686887290350199,0.7391304347826086,1024.0,0.26086956521739135,real_world_rosenbaum_coherent_new/tl_results
43,9.62272851087045,0.880238454272557,0.7608695652173914,256.0,0.23913043478260865,real_world_rosenbaum_coherent_new/tl_results
44,11.713276186404022,1.0714711646639987,0.782608695652174,16384.0,0.21739130434782605,real_world_rosenbaum_coherent_new/tl_results
0,12.456003812154137,0.9285131429112288,0.425,baseline,0.575,real_world_rosenbaum_incoherent/tl_results
1,12.53493972524007,0.9343972959552792,0.425,4096.0,0.575,real_world_rosenbaum_incoherent/tl_results
2,13.008733834584554,0.9697155299727584,0.575,4.0,0.42500000000000004,real_world_rosenbaum_incoherent/tl_results
3,13.01110056813558,0.9698919543895328,0.575,16.0,0.42500000000000004,real_world_rosenbaum_incoherent/tl_results
4,12.99888085301717,0.9689810550143252,0.575,64.0,0.42500000000000004,real_world_rosenbaum_incoherent/tl_results
5,13.013172203063965,0.9700463811452824,0.575,0.0,0.42500000000000004,real_world_rosenbaum_incoherent/tl_results
6,13.011562400817873,0.969926380977851,0.575,1024.0,0.42500000000000004,real_world_rosenbaum_incoherent/tl_results
7,12.93667198562622,0.9643437931886858,0.575,256.0,0.42500000000000004,real_world_rosenbaum_incoherent/tl_results
8,12.53493972524007,0.9343972959552792,0.425,16384.0,0.575,real_world_rosenbaum_incoherent/tl_results
9,12.321769999186197,0.9185068952058292,0.425,baseline,0.575,real_world_rosenbaum_incoherent/tl_results
10,12.73483730951945,0.9492983458456542,0.525,4096.0,0.475,real_world_rosenbaum_incoherent/tl_results
11,12.906546217600503,0.9620981153634368,0.6,4.0,0.4,real_world_rosenbaum_incoherent/tl_results
12,12.903495318094889,0.9618706908755044,0.6,16.0,0.4,real_world_rosenbaum_incoherent/tl_results
13,12.8956760152181,0.961287813284987,0.6,64.0,0.4,real_world_rosenbaum_incoherent/tl_results
14,12.91037789026896,0.9623837413543764,0.6,0.0,0.4,real_world_rosenbaum_incoherent/tl_results
15,12.906064993540443,0.9620622432754712,0.6,1024.0,0.4,real_world_rosenbaum_incoherent/tl_results
16,12.8717112604777,0.9595013984701976,0.6,256.0,0.4,real_world_rosenbaum_incoherent/tl_results
17,12.73483730951945,0.9492983458456542,0.525,16384.0,0.475,real_world_rosenbaum_incoherent/tl_results
18,12.18648924001058,0.9084226045479374,0.5,baseline,0.5,real_world_rosenbaum_incoherent/tl_results
19,12.684777674357097,0.9455667293594556,0.525,4096.0,0.475,real_world_rosenbaum_incoherent/tl_results
20,12.93743592707316,0.9644007399979994,0.575,4.0,0.42500000000000004,real_world_rosenbaum_incoherent/tl_results
21,12.94002969868978,0.9645940886090032,0.575,16.0,0.42500000000000004,real_world_rosenbaum_incoherent/tl_results
22,13.005767486572267,0.9694944082424352,0.575,64.0,0.42500000000000004,real_world_rosenbaum_incoherent/tl_results
23,12.939689332326251,0.964568716535688,0.575,0.0,0.42500000000000004,real_world_rosenbaum_incoherent/tl_results
24,12.939510327657066,0.9645553729151746,0.575,1024.0,0.42500000000000004,real_world_rosenbaum_incoherent/tl_results
25,13.036481978098552,0.9717839715317594,0.575,256.0,0.42500000000000004,real_world_rosenbaum_incoherent/tl_results
26,12.684777674357097,0.9455667293594556,0.525,16384.0,0.475,real_world_rosenbaum_incoherent/tl_results
27,12.455006797790526,0.928438822049238,0.4,baseline,0.6,real_world_rosenbaum_incoherent/tl_results
28,12.736136680603028,0.949395205412078,0.6,4096.0,0.4,real_world_rosenbaum_incoherent/tl_results
29,13.207444496154787,0.9845281025832864,0.6,4.0,0.4,real_world_rosenbaum_incoherent/tl_results
30,13.205084565480552,0.9843521852762246,0.6,16.0,0.4,real_world_rosenbaum_incoherent/tl_results
31,13.308557434082031,0.9920654069386532,0.6,64.0,0.4,real_world_rosenbaum_incoherent/tl_results
32,13.205781987508136,0.9844041735004204,0.6,0.0,0.4,real_world_rosenbaum_incoherent/tl_results
33,13.205730679829914,0.984400348850534,0.6,1024.0,0.4,real_world_rosenbaum_incoherent/tl_results
34,13.32910676320394,0.9935972242418144,0.6,256.0,0.4,real_world_rosenbaum_incoherent/tl_results
35,12.736136680603028,0.949395205412078,0.6,16384.0,0.4,real_world_rosenbaum_incoherent/tl_results
36,12.262743937174475,0.9141068905832632,0.475,baseline,0.525,real_world_rosenbaum_incoherent/tl_results
37,12.023197228749591,0.8962502593178974,0.5,4096.0,0.5,real_world_rosenbaum_incoherent/tl_results
38,13.081822854359944,0.9751638355840436,0.575,4.0,0.42500000000000004,real_world_rosenbaum_incoherent/tl_results
39,13.068626894632976,0.9741801635954512,0.575,16.0,0.42500000000000004,real_world_rosenbaum_incoherent/tl_results
40,13.026444226582845,0.9710357231891796,0.575,64.0,0.42500000000000004,real_world_rosenbaum_incoherent/tl_results
41,13.080531833648685,0.9750675984829432,0.575,0.0,0.42500000000000004,real_world_rosenbaum_incoherent/tl_results
42,13.082285322825117,0.9751983095657932,0.575,1024.0,0.42500000000000004,real_world_rosenbaum_incoherent/tl_results
43,12.957891986846922,0.9659256046848248,0.575,256.0,0.42500000000000004,real_world_rosenbaum_incoherent/tl_results
44,12.023197228749591,0.8962502593178974,0.5,16384.0,0.5,real_world_rosenbaum_incoherent/tl_results
0,17.696874105341294,1.7617401489065254,0.7610294117647058,baseline,0.23897058823529416,real_world_lotka_volterra_results/tl
1,16.678348109862384,1.6603449461007032,0.6544117647058824,4.0,0.34558823529411764,real_world_lotka_volterra_results/tl
2,16.887487727782307,1.6811649880710131,0.6654411764705882,2.0,0.3345588235294118,real_world_lotka_volterra_results/tl
3,15.711178413727705,1.5640623102892233,0.7426470588235294,0.0,0.25735294117647056,real_world_lotka_volterra_results/tl
4,17.163120972465066,1.7086045319498069,0.6507352941176471,0.5,0.3492647058823529,real_world_lotka_volterra_results/tl
5,16.53187076927634,1.645762991667428,0.6507352941176471,0.25,0.3492647058823529,real_world_lotka_volterra_results/tl
6,17.1575479704913,1.7080497344602232,0.6544117647058824,1.0,0.34558823529411764,real_world_lotka_volterra_results/tl
7,18.733010801427504,1.864888513209998,0.7794117647058824,baseline,0.22058823529411764,real_world_lotka_volterra_results/tl
8,16.15676906686671,1.608421271026562,0.6948529411764706,4.0,0.30514705882352944,real_world_lotka_volterra_results/tl
9,16.188541668611414,1.6115842628518795,0.7022058823529411,2.0,0.2977941176470589,real_world_lotka_volterra_results/tl
10,13.35231350966061,1.3292351321896028,0.8161764705882353,0.0,0.18382352941176472,real_world_lotka_volterra_results/tl
11,17.755694125455967,1.7675957361915269,0.6102941176470589,0.5,0.3897058823529411,real_world_lotka_volterra_results/tl
12,16.71974601902681,1.6644661461624557,0.6801470588235294,0.25,0.31985294117647056,real_world_lotka_volterra_results/tl
13,16.565803739435534,1.6491410501621235,0.6801470588235294,1.0,0.31985294117647056,real_world_lotka_volterra_results/tl
14,18.446633990904864,1.836379437437048,0.7683823529411765,baseline,0.23161764705882348,real_world_lotka_volterra_results/tl
15,16.028581549139584,1.5956600853378209,0.7169117647058824,4.0,0.28308823529411764,real_world_lotka_volterra_results/tl
16,15.889327155618108,1.5817971819505852,0.7058823529411765,2.0,0.2941176470588235,real_world_lotka_volterra_results/tl
17,14.747817888259888,1.4681588809329569,0.8198529411764706,0.0,0.18014705882352944,real_world_lotka_volterra_results/tl
18,15.411805061901315,1.5342594168355097,0.7573529411764706,0.5,0.24264705882352944,real_world_lotka_volterra_results/tl
19,16.840110245985144,1.6764485160353697,0.6176470588235294,0.25,0.38235294117647056,real_world_lotka_volterra_results/tl
20,16.459258457520427,1.6385343690212009,0.6727941176470589,1.0,0.3272058823529411,real_world_lotka_volterra_results/tl
21,20.050276503619024,1.996023529513692,0.7720588235294118,baseline,0.2279411764705882,real_world_lotka_volterra_results/tl
22,16.88277041244507,1.6806953749757745,0.5955882352941176,4.0,0.40441176470588236,real_world_lotka_volterra_results/tl
23,16.45186248173433,1.637798092806252,0.625,2.0,0.375,real_world_lotka_volterra_results/tl
24,14.82545029483122,1.4758872586508989,0.8235294117647058,0.0,0.17647058823529416,real_world_lotka_volterra_results/tl
25,17.333862484202665,1.725602007013628,0.625,0.5,0.375,real_world_lotka_volterra_results/tl
26,14.800516240849216,1.473405050566374,0.7794117647058824,0.25,0.22058823529411764,real_world_lotka_volterra_results/tl
27,16.892172218547145,1.6816313334497774,0.6213235294117647,1.0,0.3786764705882353,real_world_lotka_volterra_results/tl
28,18.78849412424424,1.8704119291996888,0.7683823529411765,baseline,0.23161764705882348,real_world_lotka_volterra_results/tl
29,16.475568325940298,1.640158031474108,0.6691176470588235,4.0,0.3308823529411765,real_world_lotka_volterra_results/tl
30,16.380214915892658,1.6306655115061115,0.6507352941176471,2.0,0.3492647058823529,real_world_lotka_volterra_results/tl
31,15.711623217638802,1.5641065909290643,0.8161764705882353,0.0,0.18382352941176472,real_world_lotka_volterra_results/tl
32,17.3775543866999,1.7299515762286934,0.5992647058823529,0.5,0.4007352941176471,real_world_lotka_volterra_results/tl
33,17.550868997012866,1.7472052056303,0.5808823529411765,0.25,0.4191176470588235,real_world_lotka_volterra_results/tl
34,16.671314713982976,1.6596447650500754,0.6764705882352942,1.0,0.32352941176470584,real_world_lotka_volterra_results/tl
0,21532.854696085164,26.38486753426325,0.4505494505494505,baseline,0.5494505494505495,real_world_sir/tl_multiplicative_results/tl_multiplicative
1,20888.754281850965,20.84972786814904,0.8141025641025641,0.125,0.1858974358974359,real_world_sir/tl_multiplicative_results/tl_multiplicative
2,2287.059945913461,2.282787036844496,0.9807692307692308,0.0,0.019230769230769162,real_world_sir/tl_multiplicative_results/tl_multiplicative
3,30796.551768543955,30.739014638579437,0.4935897435897436,0.5,0.5064102564102564,real_world_sir/tl_multiplicative_results/tl_multiplicative
4,17476.840294471152,17.444188352170933,0.8333333333333334,0.0625,0.16666666666666663,real_world_sir/tl_multiplicative_results/tl_multiplicative
5,31259.805207975616,31.20140258262864,0.4358974358974358,0.25,0.5641025641025642,real_world_sir/tl_multiplicative_results/tl_multiplicative
6,34979.68809023008,34.91433561587217,0.4935897435897436,1.0,0.5064102564102564,real_world_sir/tl_multiplicative_results/tl_multiplicative
7,21489.155771683672,26.331321901415382,0.5238095238095238,baseline,0.47619047619047616,real_world_sir/tl_multiplicative_results/tl_multiplicative
8,23760.892433250345,23.71650001015441,0.6282051282051283,0.125,0.3717948717948717,real_world_sir/tl_multiplicative_results/tl_multiplicative
9,901.826890882555,0.9001420096849395,0.9743589743589745,0.0,0.02564102564102555,real_world_sir/tl_multiplicative_results/tl_multiplicative
10,31769.968095381184,31.71061233383324,0.3397435897435897,0.5,0.6602564102564104,real_world_sir/tl_multiplicative_results/tl_multiplicative
11,18825.43131868132,18.79025980673537,0.8012820512820513,0.0625,0.19871794871794868,real_world_sir/tl_multiplicative_results/tl_multiplicative
12,33617.48112336882,33.554673657292355,0.2435897435897435,0.25,0.7564102564102565,real_world_sir/tl_multiplicative_results/tl_multiplicative
13,38513.92340959822,38.44196793116296,0.3397435897435897,1.0,0.6602564102564104,real_world_sir/tl_multiplicative_results/tl_multiplicative
14,21523.81655342425,26.373792820750825,0.4725274725274725,baseline,0.5274725274725275,real_world_sir/tl_multiplicative_results/tl_multiplicative
15,23430.73587203812,23.386960279719663,0.4935897435897436,0.125,0.5064102564102564,real_world_sir/tl_multiplicative_results/tl_multiplicative
16,1531.8528502747251,1.528990892962257,0.9743589743589745,0.0,0.02564102564102555,real_world_sir/tl_multiplicative_results/tl_multiplicative
17,29415.58628090659,29.36062920572664,0.3397435897435897,0.5,0.6602564102564104,real_world_sir/tl_multiplicative_results/tl_multiplicative
18,18734.82093492445,18.69981871015928,0.858974358974359,0.0625,0.14102564102564097,real_world_sir/tl_multiplicative_results/tl_multiplicative
19,26482.06638478709,26.43258999837986,0.2948717948717948,0.25,0.7051282051282052,real_world_sir/tl_multiplicative_results/tl_multiplicative
20,39888.09031593406,39.813567484488736,0.5064102564102564,1.0,0.4935897435897436,real_world_sir/tl_multiplicative_results/tl_multiplicative
21,21478.68455804798,26.3184912020678,0.3278388278388278,baseline,0.6721611721611722,real_world_sir/tl_multiplicative_results/tl_multiplicative
22,21694.81478043441,21.65428240567507,0.6474358974358974,0.125,0.35256410256410264,real_world_sir/tl_multiplicative_results/tl_multiplicative
23,1099.4061856112637,1.0973521674516746,0.9294871794871796,0.0,0.07051282051282037,real_world_sir/tl_multiplicative_results/tl_multiplicative
24,30845.66278545673,30.78803390148728,0.4935897435897436,0.5,0.5064102564102564,real_world_sir/tl_multiplicative_results/tl_multiplicative
25,19515.287699605084,19.478827330499275,0.6794871794871794,0.0625,0.3205128205128206,real_world_sir/tl_multiplicative_results/tl_multiplicative
26,33100.53707718063,33.03869541652917,0.4807692307692308,0.25,0.5192307692307692,real_world_sir/tl_multiplicative_results/tl_multiplicative
27,36041.35691749656,35.97402092960269,0.4551282051282052,1.0,0.5448717948717948,real_world_sir/tl_multiplicative_results/tl_multiplicative
28,21503.011793870188,26.348300110533632,0.5054945054945055,baseline,0.4945054945054945,real_world_sir/tl_multiplicative_results/tl_multiplicative
29,22040.61609825721,21.99943766365601,0.6987179487179488,0.125,0.3012820512820512,real_world_sir/tl_multiplicative_results/tl_multiplicative
30,1844.2885581215655,1.8408428778630013,0.9743589743589745,0.0,0.02564102564102555,real_world_sir/tl_multiplicative_results/tl_multiplicative
31,31999.265539148357,31.93948138169032,0.5448717948717948,0.5,0.4551282051282052,real_world_sir/tl_multiplicative_results/tl_multiplicative
32,18584.48803442651,18.54976667628884,0.8269230769230769,0.0625,0.17307692307692313,real_world_sir/tl_multiplicative_results/tl_multiplicative
33,31984.48285113324,31.924726312138723,0.4807692307692308,0.25,0.5192307692307692,real_world_sir/tl_multiplicative_results/tl_multiplicative
34,35971.23226090316,35.90402728675104,0.4935897435897436,1.0,0.5064102564102564,real_world_sir/tl_multiplicative_results/tl_multiplicative
0,13.060312947812289,1.194691263347118,0.5217391304347826,baseline,0.4782608695652174,real_world_rosenbaum_coherent_new/tl_multiplicative_results
1,10.8887485045281,0.9960475494825556,0.7391304347826086,0.25,0.26086956521739135,real_world_rosenbaum_coherent_new/tl_multiplicative_results
2,9.947156661213308,0.9099154978738286,0.782608695652174,0.0,0.21739130434782605,real_world_rosenbaum_coherent_new/tl_multiplicative_results
3,12.53743303824162,1.146860858192206,0.7391304347826086,0.5,0.26086956521739135,real_world_rosenbaum_coherent_new/tl_multiplicative_results
4,9.672514027028845,0.8847925810713044,0.782608695652174,0.125,0.21739130434782605,real_world_rosenbaum_coherent_new/tl_multiplicative_results
5,13.643010055984275,1.247993442788945,0.7391304347826086,1.0,0.26086956521739135,real_world_rosenbaum_coherent_new/tl_multiplicative_results
6,9.581896058234616,0.876503308367555,0.7391304347826086,0.0625,0.26086956521739135,real_world_rosenbaum_coherent_new/tl_multiplicative_results
7,12.654861663597218,1.1576026339321734,0.4130434782608695,baseline,0.5869565217391305,real_world_rosenbaum_coherent_new/tl_multiplicative_results
8,10.696120080809663,0.9784268771595932,0.782608695652174,0.25,0.21739130434782605,real_world_rosenbaum_coherent_new/tl_multiplicative_results
9,10.553008177384088,0.9653357252563648,0.7391304347826086,0.0,0.26086956521739135,real_world_rosenbaum_coherent_new/tl_multiplicative_results
10,12.16722379822662,1.1129959924402422,0.8043478260869565,0.5,0.19565217391304346,real_world_rosenbaum_coherent_new/tl_multiplicative_results
11,10.09768368486045,0.9236849474090336,0.7391304347826086,0.125,0.26086956521739135,real_world_rosenbaum_coherent_new/tl_multiplicative_results
12,13.672284872082695,1.2506713546558834,0.6739130434782609,1.0,0.32608695652173914,real_world_rosenbaum_coherent_new/tl_multiplicative_results
13,10.323008282979332,0.9442965001233904,0.6956521739130435,0.0625,0.30434782608695654,real_world_rosenbaum_coherent_new/tl_multiplicative_results
14,13.086487271958504,1.1970855579177346,0.5434782608695652,baseline,0.4565217391304348,real_world_rosenbaum_coherent_new/tl_multiplicative_results
15,11.284345506861593,1.0322347591139525,0.717391304347826,0.25,0.28260869565217395,real_world_rosenbaum_coherent_new/tl_multiplicative_results
16,10.331262576338176,0.9450515610626128,0.7391304347826086,0.0,0.26086956521739135,real_world_rosenbaum_coherent_new/tl_multiplicative_results
17,12.536038276008938,1.1467332724091936,0.6739130434782609,0.5,0.32608695652173914,real_world_rosenbaum_coherent_new/tl_multiplicative_results
18,10.02078898664834,0.9166510099743944,0.7391304347826086,0.125,0.26086956521739135,real_world_rosenbaum_coherent_new/tl_multiplicative_results
19,13.635016772505166,1.247262257711213,0.6956521739130435,1.0,0.30434782608695654,real_world_rosenbaum_coherent_new/tl_multiplicative_results
20,10.02670112554578,0.9171918224891242,0.7391304347826086,0.0625,0.26086956521739135,real_world_rosenbaum_coherent_new/tl_multiplicative_results
21,12.701114059669386,1.161833568804645,0.3695652173913043,baseline,0.6304347826086957,real_world_rosenbaum_coherent_new/tl_multiplicative_results
22,11.374114214579263,1.0404463457168776,0.7608695652173914,0.25,0.23913043478260865,real_world_rosenbaum_coherent_new/tl_multiplicative_results
23,9.42411996703217,0.8620707508570402,0.7391304347826086,0.0,0.26086956521739135,real_world_rosenbaum_coherent_new/tl_multiplicative_results
24,12.6391453187362,1.1561649823251838,0.7608695652173914,0.5,0.23913043478260865,real_world_rosenbaum_coherent_new/tl_multiplicative_results
25,10.352635836393938,0.9470066786130038,0.8043478260869565,0.125,0.19565217391304346,real_world_rosenbaum_coherent_new/tl_multiplicative_results
26,13.515025939941408,1.2362861042362934,0.5434782608695652,1.0,0.4565217391304348,real_world_rosenbaum_coherent_new/tl_multiplicative_results
27,10.06394366665163,0.9205985814742876,0.7391304347826086,0.0625,0.26086956521739135,real_world_rosenbaum_coherent_new/tl_multiplicative_results
28,13.111797069604846,1.199400769983938,0.4782608695652174,baseline,0.5217391304347826,real_world_rosenbaum_coherent_new/tl_multiplicative_results
29,11.927921676635744,1.091105846690485,0.8043478260869565,0.25,0.19565217391304346,real_world_rosenbaum_coherent_new/tl_multiplicative_results
30,9.726408176698548,0.8897225448488341,0.7391304347826086,0.0,0.26086956521739135,real_world_rosenbaum_coherent_new/tl_multiplicative_results
31,13.297657026207968,1.2164022972250612,0.8043478260869565,0.5,0.19565217391304346,real_world_rosenbaum_coherent_new/tl_multiplicative_results
32,10.255783981654954,0.9381471616046452,0.782608695652174,0.125,0.21739130434782605,real_world_rosenbaum_coherent_new/tl_multiplicative_results
33,13.923091970803084,1.273613917427848,0.5869565217391305,1.0,0.4130434782608695,real_world_rosenbaum_coherent_new/tl_multiplicative_results
34,9.694515584309896,0.8868051720688355,0.7608695652173914,0.0625,0.23913043478260865,real_world_rosenbaum_coherent_new/tl_multiplicative_results
0,12.456003812154137,0.9285131429112288,0.425,baseline,0.575,real_world_rosenbaum_incoherent/tl_multiplicative_results
1,12.532246994018555,0.9341965705567318,0.425,0.25,0.575,real_world_rosenbaum_incoherent/tl_multiplicative_results
2,13.013172203063965,0.9700463811452824,0.575,0.0,0.42500000000000004,real_world_rosenbaum_incoherent/tl_multiplicative_results
3,12.526528381347656,0.9337702856017632,0.425,0.5,0.575,real_world_rosenbaum_incoherent/tl_multiplicative_results
4,12.53558390045166,0.9344453149796244,0.425,0.125,0.575,real_world_rosenbaum_incoherent/tl_multiplicative_results
5,12.520100362141926,0.933291119056424,0.425,1.0,0.575,real_world_rosenbaum_incoherent/tl_multiplicative_results
6,12.258691917419434,0.9138048391665624,0.575,0.0625,0.42500000000000004,real_world_rosenbaum_incoherent/tl_multiplicative_results
7,12.321769999186197,0.9185068952058292,0.425,baseline,0.575,real_world_rosenbaum_incoherent/tl_multiplicative_results
8,12.888777033487957,0.960773539581659,0.525,0.25,0.475,real_world_rosenbaum_incoherent/tl_multiplicative_results
9,12.91037789026896,0.9623837413543764,0.6,0.0,0.4,real_world_rosenbaum_incoherent/tl_multiplicative_results
10,12.411022448221845,0.9251600781380428,0.425,0.5,0.575,real_world_rosenbaum_incoherent/tl_multiplicative_results
11,12.69399497095744,0.9462538181854224,0.575,0.125,0.42500000000000004,real_world_rosenbaum_incoherent/tl_multiplicative_results
12,12.410416229248048,0.9251148885015318,0.425,1.0,0.575,real_world_rosenbaum_incoherent/tl_multiplicative_results
13,12.701904276529946,0.9468434048848264,0.6,0.0625,0.4,real_world_rosenbaum_incoherent/tl_multiplicative_results
14,12.18648924001058,0.9084226045479374,0.5,baseline,0.5,real_world_rosenbaum_incoherent/tl_multiplicative_results
15,12.456740820566813,0.928568082040016,0.5,0.25,0.5,real_world_rosenbaum_incoherent/tl_multiplicative_results
16,12.939689332326251,0.964568716535688,0.575,0.0,0.42500000000000004,real_world_rosenbaum_incoherent/tl_multiplicative_results
17,12.217237486521404,0.9107146840493032,0.55,0.5,0.44999999999999996,real_world_rosenbaum_incoherent/tl_multiplicative_results
18,12.945712229410807,0.9650176838919724,0.525,0.125,0.475,real_world_rosenbaum_incoherent/tl_multiplicative_results
19,12.098813143412272,0.9018869283199608,0.625,1.0,0.375,real_world_rosenbaum_incoherent/tl_multiplicative_results
20,12.991370067596437,0.9684211753705878,0.575,0.0625,0.42500000000000004,real_world_rosenbaum_incoherent/tl_multiplicative_results
21,12.455006797790526,0.928438822049238,0.4,baseline,0.6,real_world_rosenbaum_incoherent/tl_multiplicative_results
22,12.448904534657794,0.927983938476168,0.6,0.25,0.4,real_world_rosenbaum_incoherent/tl_multiplicative_results
23,13.205781987508136,0.9844041735004204,0.6,0.0,0.4,real_world_rosenbaum_incoherent/tl_multiplicative_results
24,12.586983210245767,0.9382767953966282,0.45,0.5,0.55,real_world_rosenbaum_incoherent/tl_multiplicative_results
25,12.818545817057291,0.9555382644097872,0.6,0.125,0.4,real_world_rosenbaum_incoherent/tl_multiplicative_results
26,12.570667940775555,0.937060599386922,0.425,1.0,0.575,real_world_rosenbaum_incoherent/tl_multiplicative_results
27,13.185515243530274,0.9828934210607734,0.6,0.0625,0.4,real_world_rosenbaum_incoherent/tl_multiplicative_results
28,12.262743937174475,0.9141068905832632,0.475,baseline,0.525,real_world_rosenbaum_incoherent/tl_multiplicative_results
29,12.39700591023763,0.9241152374385114,0.475,0.25,0.525,real_world_rosenbaum_incoherent/tl_multiplicative_results
30,13.080531833648685,0.9750675984829432,0.575,0.0,0.42500000000000004,real_world_rosenbaum_incoherent/tl_multiplicative_results
31,12.396843849182128,0.9241031568529354,0.475,0.5,0.525,real_world_rosenbaum_incoherent/tl_multiplicative_results
32,11.8344149945577,0.8821777856546925,0.575,0.125,0.42500000000000004,real_world_rosenbaum_incoherent/tl_multiplicative_results
33,12.39990183766683,0.9243311097776244,0.475,1.0,0.525,real_world_rosenbaum_incoherent/tl_multiplicative_results
34,12.380393555959063,0.922876895710702,0.575,0.0625,0.42500000000000004,real_world_rosenbaum_incoherent/tl_multiplicative_results
0,17.696874105341294,1.7617401489065254,0.7610294117647058,baseline,0.23897058823529416,real_world_lotka_volterra/tl_multiplicative_results
1,16.495680163663977,1.642160183479891,0.7205882352941176,0.25,0.27941176470588236,real_world_lotka_volterra/tl_multiplicative_results
2,15.711178413727705,1.5640623102892233,0.7426470588235294,0.0,0.25735294117647056,real_world_lotka_volterra/tl_multiplicative_results
3,17.013958440892836,1.6937552642758045,0.4558823529411764,0.5,0.5441176470588236,real_world_lotka_volterra/tl_multiplicative_results
4,16.171414205551148,1.6098792080979962,0.6911764705882353,0.125,0.3088235294117647,real_world_lotka_volterra/tl_multiplicative_results
5,16.97313062286377,1.6896908173126908,0.4558823529411764,1.0,0.5441176470588236,real_world_lotka_volterra/tl_multiplicative_results
6,16.237838628320134,1.616491820685026,0.6838235294117647,0.0625,0.3161764705882353,real_world_lotka_volterra/tl_multiplicative_results
7,18.733010801427504,1.864888513209998,0.7794117647058824,baseline,0.22058823529411764,real_world_lotka_volterra/tl_multiplicative_results
8,16.37959369547227,1.630603668439963,0.7022058823529411,0.25,0.2977941176470589,real_world_lotka_volterra/tl_multiplicative_results
9,13.35231350966061,1.3292351321896028,0.8161764705882353,0.0,0.18382352941176472,real_world_lotka_volterra/tl_multiplicative_results
10,16.957090303308824,1.6880939886980424,0.5,0.5,0.5,real_world_lotka_volterra/tl_multiplicative_results
11,15.960641582489012,1.5888965989587454,0.7022058823529411,0.125,0.2977941176470589,real_world_lotka_volterra/tl_multiplicative_results
12,16.98541563101376,1.6909138012113525,0.5,1.0,0.5,real_world_lotka_volterra/tl_multiplicative_results
13,15.976631904489851,1.590488450270742,0.6360294117647058,0.0625,0.36397058823529416,real_world_lotka_volterra/tl_multiplicative_results
14,18.446633990904864,1.836379437437048,0.7683823529411765,baseline,0.23161764705882348,real_world_lotka_volterra/tl_multiplicative_results
15,16.275081254622513,1.6201993585031216,0.7536764705882353,0.25,0.24632352941176472,real_world_lotka_volterra/tl_multiplicative_results
16,14.747817888259888,1.4681588809329569,0.8198529411764706,0.0,0.18014705882352944,real_world_lotka_volterra/tl_multiplicative_results
17,17.00245219443826,1.692609806822608,0.5073529411764706,0.5,0.49264705882352944,real_world_lotka_volterra/tl_multiplicative_results
18,15.542384711546054,1.5472587414642502,0.7463235294117647,0.125,0.2536764705882353,real_world_lotka_volterra/tl_multiplicative_results
19,16.97710486423268,1.69008645670863,0.5220588235294118,1.0,0.4779411764705882,real_world_lotka_volterra/tl_multiplicative_results
20,15.926004508747775,1.5854484463026697,0.7169117647058824,0.0625,0.28308823529411764,real_world_lotka_volterra/tl_multiplicative_results
21,20.050276503619024,1.996023529513692,0.7720588235294118,baseline,0.2279411764705882,real_world_lotka_volterra/tl_multiplicative_results
22,16.87286918707455,1.679709698852704,0.5992647058823529,0.25,0.4007352941176471,real_world_lotka_volterra/tl_multiplicative_results
23,14.82545029483122,1.4758872586508989,0.8235294117647058,0.0,0.17647058823529416,real_world_lotka_volterra/tl_multiplicative_results
24,17.03609282056023,1.6959587621986052,0.5220588235294118,0.5,0.4779411764705882,real_world_lotka_volterra/tl_multiplicative_results
25,16.449796551311714,1.637592427526118,0.6397058823529411,0.125,0.3602941176470589,real_world_lotka_volterra/tl_multiplicative_results
26,17.022974072175867,1.6946527786901864,0.5220588235294118,1.0,0.4779411764705882,real_world_lotka_volterra/tl_multiplicative_results
27,16.63386817752614,1.6559169277879235,0.5808823529411765,0.0625,0.4191176470588235,real_world_lotka_volterra/tl_multiplicative_results
28,18.78849412424424,1.8704119291996888,0.7683823529411765,baseline,0.23161764705882348,real_world_lotka_volterra/tl_multiplicative_results
29,16.60208713868085,1.652753096041457,0.6544117647058824,0.25,0.34558823529411764,real_world_lotka_volterra/tl_multiplicative_results
30,15.711623217638802,1.5641065909290643,0.8161764705882353,0.0,0.18382352941176472,real_world_lotka_volterra/tl_multiplicative_results
31,16.991120735168458,1.6914817495949597,0.4779411764705882,0.5,0.5220588235294118,real_world_lotka_volterra/tl_multiplicative_results
32,16.242996614119583,1.617005302931455,0.6323529411764706,0.125,0.36764705882352944,real_world_lotka_volterra/tl_multiplicative_results
33,17.013777117112106,1.6937372133260962,0.4558823529411764,1.0,0.5441176470588236,real_world_lotka_volterra/tl_multiplicative_results
34,16.267264438965743,1.6194211872906712,0.6397058823529411,0.0625,0.3602941176470589,real_world_lotka_volterra/tl_multiplicative_results
0,21532.854696085164,26.38486753426325,0.4505494505494505,baseline,0.5494505494505495,real_world_sir/tl_additive_derivative_results/tl_additive_derivative
1,1646.0227828811817,1.6429475221346217,0.9807692307692308,8.0,0.019230769230769162,real_world_sir/tl_additive_derivative_results/tl_additive_derivative
2,23754.890839629126,23.710509629297363,0.4935897435897436,1024.0,0.5064102564102564,real_world_sir/tl_additive_derivative_results/tl_additive_derivative
3,2287.059945913461,2.282787036844496,0.9807692307692308,0.0,0.019230769230769162,real_world_sir/tl_additive_derivative_results/tl_additive_derivative
4,23939.62209177541,23.894895748451383,0.3333333333333333,64.0,0.6666666666666667,real_world_sir/tl_additive_derivative_results/tl_additive_derivative
5,22609.44310182005,22.56720192897863,0.6282051282051282,512.0,0.3717948717948718,real_world_sir/tl_additive_derivative_results/tl_additive_derivative
6,1370.0958855597528,1.3675361384288474,0.9807692307692308,4096.0,0.019230769230769162,real_world_sir/tl_additive_derivative_results/tl_additive_derivative
7,3818.2963813530223,3.8111626666180713,0.9807692307692308,1.0,0.019230769230769162,real_world_sir/tl_additive_derivative_results/tl_additive_derivative
8,21489.155771683672,26.331321901415382,0.5238095238095238,baseline,0.47619047619047616,real_world_sir/tl_additive_derivative_results/tl_additive_derivative
9,842.6977378090659,0.8411233274781452,0.9294871794871796,8.0,0.07051282051282037,real_world_sir/tl_additive_derivative_results/tl_additive_derivative
10,2416.989247081044,2.4124735913843502,0.9807692307692308,1024.0,0.019230769230769162,real_world_sir/tl_additive_derivative_results/tl_additive_derivative
11,901.826890882555,0.9001420096849395,0.9743589743589745,0.0,0.02564102564102555,real_world_sir/tl_additive_derivative_results/tl_additive_derivative
12,3392.94588126717,3.386606847936417,0.9807692307692308,64.0,0.019230769230769162,real_world_sir/tl_additive_derivative_results/tl_additive_derivative
13,22388.799557864008,22.346970612870685,0.5192307692307693,512.0,0.4807692307692307,real_world_sir/tl_additive_derivative_results/tl_additive_derivative
14,2785.7013650412086,2.7804968453051244,0.9807692307692308,4096.0,0.019230769230769162,real_world_sir/tl_additive_derivative_results/tl_additive_derivative
15,1160.1127446771975,1.157945308586766,0.9807692307692308,1.0,0.019230769230769162,real_world_sir/tl_additive_derivative_results/tl_additive_derivative
16,21523.81655342425,26.373792820750825,0.4725274725274725,baseline,0.5274725274725275,real_world_sir/tl_additive_derivative_results/tl_additive_derivative
17,1484.2508263221152,1.4814778037663474,0.9551282051282052,8.0,0.04487179487179482,real_world_sir/tl_additive_derivative_results/tl_additive_derivative
18,22062.310847355773,22.021091880502524,0.6730769230769231,1024.0,0.32692307692307687,real_world_sir/tl_additive_derivative_results/tl_additive_derivative
19,1531.8528502747251,1.528990892962257,0.9743589743589745,0.0,0.02564102564102555,real_world_sir/tl_additive_derivative_results/tl_additive_derivative
20,22274.99788590316,22.233381556323376,0.3269230769230769,64.0,0.6730769230769231,real_world_sir/tl_additive_derivative_results/tl_additive_derivative
21,3691.9488538804944,3.685051193953351,0.9807692307692308,512.0,0.019230769230769162,real_world_sir/tl_additive_derivative_results/tl_additive_derivative
22,24064.48475060096,24.01952512664596,0.3269230769230769,4096.0,0.6730769230769231,real_world_sir/tl_additive_derivative_results/tl_additive_derivative
23,1775.5815912603025,1.7722642760768763,0.9807692307692308,1.0,0.019230769230769162,real_world_sir/tl_additive_derivative_results/tl_additive_derivative
24,21478.68455804798,26.3184912020678,0.3278388278388278,baseline,0.6721611721611722,real_world_sir/tl_additive_derivative_results/tl_additive_derivative
25,1708.180213341346,1.7049888240041071,0.967948717948718,8.0,0.03205128205128205,real_world_sir/tl_additive_derivative_results/tl_additive_derivative
26,11972.676972441624,11.95030844637533,0.3397435897435897,1024.0,0.6602564102564104,real_world_sir/tl_additive_derivative_results/tl_additive_derivative
27,1099.4061856112637,1.0973521674516746,0.9294871794871796,0.0,0.07051282051282037,real_world_sir/tl_additive_derivative_results/tl_additive_derivative
28,8089.276238410028,8.074163061397668,0.7051282051282051,64.0,0.29487179487179493,real_world_sir/tl_additive_derivative_results/tl_additive_derivative
29,23413.051371480084,23.369308819075147,0.4679487179487179,512.0,0.5320512820512822,real_world_sir/tl_additive_derivative_results/tl_additive_derivative
30,22890.33634529533,22.847570380224653,0.391025641025641,4096.0,0.608974358974359,real_world_sir/tl_additive_derivative_results/tl_additive_derivative
31,1501.5511568509614,1.4987458121257005,0.967948717948718,1.0,0.03205128205128205,real_world_sir/tl_additive_derivative_results/tl_additive_derivative
32,21503.011793870188,26.348300110533632,0.5054945054945055,baseline,0.4945054945054945,real_world_sir/tl_additive_derivative_results/tl_additive_derivative
33,1783.563433636676,1.7802312059946857,0.9807692307692308,8.0,0.019230769230769162,real_world_sir/tl_additive_derivative_results/tl_additive_derivative
34,21732.911390367448,21.69230783979552,0.5192307692307693,1024.0,0.4807692307692307,real_world_sir/tl_additive_derivative_results/tl_additive_derivative
35,1844.2885581215655,1.8408428778630013,0.9743589743589745,0.0,0.02564102564102555,real_world_sir/tl_additive_derivative_results/tl_additive_derivative
36,11912.933872767857,11.89067696460334,0.9615384615384616,64.0,0.038461538461538436,real_world_sir/tl_additive_derivative_results/tl_additive_derivative
37,23619.533567994506,23.57540524535576,0.282051282051282,512.0,0.7179487179487181,real_world_sir/tl_additive_derivative_results/tl_additive_derivative
38,23363.15384078812,23.31950451183008,0.173076923076923,4096.0,0.826923076923077,real_world_sir/tl_additive_derivative_results/tl_additive_derivative
39,2088.998347355769,2.0850954763359613,0.9743589743589745,1.0,0.02564102564102555,real_world_sir/tl_additive_derivative_results/tl_additive_derivative
0,17.696874105341294,1.7617401489065254,0.7610294117647058,baseline,0.23897058823529416,real_world_lotka_volterra/tl_additive_derivative_results/tl_additive_derivative
1,14.706688341589537,1.46406439660515,0.7463235294117647,0.25,0.2536764705882353,real_world_lotka_volterra/tl_additive_derivative_results/tl_additive_derivative
2,15.711178413727705,1.5640623102892233,0.7426470588235294,0.0,0.25735294117647056,real_world_lotka_volterra/tl_additive_derivative_results/tl_additive_derivative
3,14.92439997807671,1.4857377909345948,0.7132352941176471,0.5,0.2867647058823529,real_world_lotka_volterra/tl_additive_derivative_results/tl_additive_derivative
4,16.500872588774737,1.6426770941915434,0.7205882352941176,0.125,0.27941176470588236,real_world_lotka_volterra/tl_additive_derivative_results/tl_additive_derivative
5,18.045187277064606,1.7964150465955315,0.6654411764705882,1.0,0.3345588235294118,real_world_lotka_volterra/tl_additive_derivative_results/tl_additive_derivative
6,18.045187277064606,1.7964150465955315,0.6654411764705882,0.0625,0.3345588235294118,real_world_lotka_volterra/tl_additive_derivative_results/tl_additive_derivative
7,18.733010801427504,1.864888513209998,0.7794117647058824,baseline,0.22058823529411764,real_world_lotka_volterra/tl_additive_derivative_results/tl_additive_derivative
8,16.517587397407084,1.6443410688163054,0.6875,0.25,0.3125,real_world_lotka_volterra/tl_additive_derivative_results/tl_additive_derivative
9,13.35231350966061,1.3292351321896028,0.8161764705882353,0.0,0.18382352941176472,real_world_lotka_volterra/tl_additive_derivative_results/tl_additive_derivative
10,16.479946683547077,1.6405939010144697,0.7279411764705882,0.5,0.2720588235294118,real_world_lotka_volterra/tl_additive_derivative_results/tl_additive_derivative
11,15.069511225756475,1.5001837495583383,0.7647058823529411,0.125,0.23529411764705888,real_world_lotka_volterra/tl_additive_derivative_results/tl_additive_derivative
12,15.817994947096878,1.574695994762725,0.7426470588235294,1.0,0.25735294117647056,real_world_lotka_volterra/tl_additive_derivative_results/tl_additive_derivative
13,15.817994947096878,1.574695994762725,0.7426470588235294,0.0625,0.25735294117647056,real_world_lotka_volterra/tl_additive_derivative_results/tl_additive_derivative
14,18.446633990904864,1.836379437437048,0.7683823529411765,baseline,0.23161764705882348,real_world_lotka_volterra/tl_additive_derivative_results/tl_additive_derivative
15,18.171830237332514,1.8090224701637996,0.7279411764705882,0.25,0.2720588235294118,real_world_lotka_volterra/tl_additive_derivative_results/tl_additive_derivative
16,14.747817888259888,1.4681588809329569,0.8198529411764706,0.0,0.18014705882352944,real_world_lotka_volterra/tl_additive_derivative_results/tl_additive_derivative
17,15.40392656247756,1.5334751049471305,0.6911764705882353,0.5,0.3088235294117647,real_world_lotka_volterra/tl_additive_derivative_results/tl_additive_derivative
18,17.345564926371857,1.7267669959312753,0.6911764705882353,0.125,0.3088235294117647,real_world_lotka_volterra/tl_additive_derivative_results/tl_additive_derivative
19,16.129582570244285,1.6057148301984965,0.7205882352941176,1.0,0.27941176470588236,real_world_lotka_volterra/tl_additive_derivative_results/tl_additive_derivative
20,16.129582570244285,1.6057148301984965,0.7205882352941176,0.0625,0.27941176470588236,real_world_lotka_volterra/tl_additive_derivative_results/tl_additive_derivative
21,20.050276503619024,1.996023529513692,0.7720588235294118,baseline,0.2279411764705882,real_world_lotka_volterra/tl_additive_derivative_results/tl_additive_derivative
22,16.07094526807,1.5998774326530831,0.6875,0.25,0.3125,real_world_lotka_volterra/tl_additive_derivative_results/tl_additive_derivative
23,14.82545029483122,1.4758872586508989,0.8235294117647058,0.0,0.17647058823529416,real_world_lotka_volterra/tl_additive_derivative_results/tl_additive_derivative
24,13.936967240838442,1.387437950681322,0.6838235294117647,0.5,0.3161764705882353,real_world_lotka_volterra/tl_additive_derivative_results/tl_additive_derivative
25,17.200801818623262,1.7123556949589636,0.6764705882352942,0.125,0.32352941176470584,real_world_lotka_volterra/tl_additive_derivative_results/tl_additive_derivative
26,17.448247647229365,1.7369891555543149,0.6507352941176471,1.0,0.3492647058823529,real_world_lotka_volterra/tl_additive_derivative_results/tl_additive_derivative
27,17.448247647229365,1.7369891555543149,0.6507352941176471,0.0625,0.3492647058823529,real_world_lotka_volterra/tl_additive_derivative_results/tl_additive_derivative
28,18.78849412424424,1.8704119291996888,0.7683823529411765,baseline,0.23161764705882348,real_world_lotka_volterra/tl_additive_derivative_results/tl_additive_derivative
29,17.347430677189543,1.7269527331470007,0.7683823529411765,0.25,0.23161764705882348,real_world_lotka_volterra/tl_additive_derivative_results/tl_additive_derivative
30,15.711623217638802,1.5641065909290643,0.8161764705882353,0.0,0.18382352941176472,real_world_lotka_volterra/tl_additive_derivative_results/tl_additive_derivative
31,14.271444494696226,1.4207354699782135,0.7573529411764706,0.5,0.24264705882352944,real_world_lotka_volterra/tl_additive_derivative_results/tl_additive_derivative
32,16.666893577800078,1.6592046368629825,0.7242647058823529,0.125,0.2757352941176471,real_world_lotka_volterra/tl_additive_derivative_results/tl_additive_derivative
33,15.177856194327862,1.510969591166751,0.6727941176470589,1.0,0.3272058823529411,real_world_lotka_volterra/tl_additive_derivative_results/tl_additive_derivative
34,15.177856194327862,1.510969591166751,0.6727941176470589,0.0625,0.3272058823529411,real_world_lotka_volterra/tl_additive_derivative_results/tl_additive_derivative
0,21532.854696085164,26.38486753426325,0.4505494505494505,baseline,0.5494505494505495,real_world_sir/tl_multiplicative_derivative_results/tl_multiplicative_derivative
1,9395.499527815931,9.37794593670364,0.9807692307692308,0.125,0.019230769230769162,real_world_sir/tl_multiplicative_derivative_results/tl_multiplicative_derivative
2,2287.059945913461,2.282787036844496,0.9807692307692308,0.0,0.019230769230769162,real_world_sir/tl_multiplicative_derivative_results/tl_multiplicative_derivative
3,10098.755762791896,10.079888279601873,0.9807692307692308,0.5,0.019230769230769162,real_world_sir/tl_multiplicative_derivative_results/tl_multiplicative_derivative
4,8110.541723901098,8.095388816628947,0.9807692307692308,0.0625,0.019230769230769162,real_world_sir/tl_multiplicative_derivative_results/tl_multiplicative_derivative
5,8405.310836624314,8.389607212866895,0.9807692307692308,0.25,0.019230769230769162,real_world_sir/tl_multiplicative_derivative_results/tl_multiplicative_derivative
6,15199.515989869504,15.17111876756099,0.9807692307692308,1.0,0.019230769230769162,real_world_sir/tl_multiplicative_derivative_results/tl_multiplicative_derivative
7,21489.155771683672,26.331321901415382,0.5238095238095238,baseline,0.47619047619047616,real_world_sir/tl_multiplicative_derivative_results/tl_multiplicative_derivative
8,9545.612948574864,9.527778900888585,0.9807692307692308,0.125,0.019230769230769162,real_world_sir/tl_multiplicative_derivative_results/tl_multiplicative_derivative
9,901.826890882555,0.9001420096849395,0.9743589743589745,0.0,0.02564102564102555,real_world_sir/tl_multiplicative_derivative_results/tl_multiplicative_derivative
10,8417.78068123283,8.402053760092144,0.9807692307692308,0.5,0.019230769230769162,real_world_sir/tl_multiplicative_derivative_results/tl_multiplicative_derivative
11,7890.703135731456,7.875960952410278,0.9807692307692308,0.0625,0.019230769230769162,real_world_sir/tl_multiplicative_derivative_results/tl_multiplicative_derivative
12,9532.021098042582,9.514212443980773,0.9807692307692308,0.25,0.019230769230769162,real_world_sir/tl_multiplicative_derivative_results/tl_multiplicative_derivative
13,16874.28970638736,16.842763508026184,0.9807692307692308,1.0,0.019230769230769162,real_world_sir/tl_multiplicative_derivative_results/tl_multiplicative_derivative
14,21523.81655342425,26.373792820750825,0.4725274725274725,baseline,0.5274725274725275,real_world_sir/tl_multiplicative_derivative_results/tl_multiplicative_derivative
15,8791.100929344093,8.774676534804586,0.9807692307692308,0.125,0.019230769230769162,real_world_sir/tl_multiplicative_derivative_results/tl_multiplicative_derivative
16,1531.8528502747251,1.528990892962257,0.9743589743589745,0.0,0.02564102564102555,real_world_sir/tl_multiplicative_derivative_results/tl_multiplicative_derivative
17,8564.590026184753,8.548588821467646,0.9807692307692308,0.5,0.019230769230769162,real_world_sir/tl_multiplicative_derivative_results/tl_multiplicative_derivative
18,7534.850231799451,7.5207728876763635,0.9807692307692308,0.0625,0.019230769230769162,real_world_sir/tl_multiplicative_derivative_results/tl_multiplicative_derivative
19,9327.780970982143,9.310353898300708,0.9807692307692308,0.25,0.019230769230769162,real_world_sir/tl_multiplicative_derivative_results/tl_multiplicative_derivative
20,15538.739515367446,15.509708522492012,0.9807692307692308,1.0,0.019230769230769162,real_world_sir/tl_multiplicative_derivative_results/tl_multiplicative_derivative
21,21478.68455804798,26.3184912020678,0.3278388278388278,baseline,0.6721611721611722,real_world_sir/tl_multiplicative_derivative_results/tl_multiplicative_derivative
22,9034.78138950893,9.017901727301416,0.9807692307692308,0.125,0.019230769230769162,real_world_sir/tl_multiplicative_derivative_results/tl_multiplicative_derivative
23,1099.4061856112637,1.0973521674516746,0.9294871794871796,0.0,0.07051282051282037,real_world_sir/tl_multiplicative_derivative_results/tl_multiplicative_derivative
24,7850.720424107143,7.836052940398193,0.9807692307692308,0.5,0.019230769230769162,real_world_sir/tl_multiplicative_derivative_results/tl_multiplicative_derivative
25,8404.284050910028,8.388582345494102,0.9807692307692308,0.0625,0.019230769230769162,real_world_sir/tl_multiplicative_derivative_results/tl_multiplicative_derivative
26,9478.99126459478,9.461281686054216,0.9807692307692308,0.25,0.019230769230769162,real_world_sir/tl_multiplicative_derivative_results/tl_multiplicative_derivative
27,14340.173710078983,14.313381995062583,0.9807692307692308,1.0,0.019230769230769162,real_world_sir/tl_multiplicative_derivative_results/tl_multiplicative_derivative
28,21503.011793870188,26.348300110533632,0.5054945054945055,baseline,0.4945054945054945,real_world_sir/tl_multiplicative_derivative_results/tl_multiplicative_derivative
29,9238.18054601648,9.220920873612029,0.9807692307692308,0.125,0.019230769230769162,real_world_sir/tl_multiplicative_derivative_results/tl_multiplicative_derivative
30,1844.2885581215655,1.8408428778630013,0.9743589743589745,0.0,0.02564102564102555,real_world_sir/tl_multiplicative_derivative_results/tl_multiplicative_derivative
31,11473.927712912087,11.452490998990898,0.9807692307692308,0.5,0.019230769230769162,real_world_sir/tl_multiplicative_derivative_results/tl_multiplicative_derivative
32,8458.27126974588,8.44246870012769,0.9807692307692308,0.0625,0.019230769230769162,real_world_sir/tl_multiplicative_derivative_results/tl_multiplicative_derivative
33,11011.249087826236,10.99067679536312,0.9807692307692308,0.25,0.019230769230769162,real_world_sir/tl_multiplicative_derivative_results/tl_multiplicative_derivative
34,15875.486671531591,15.84582653468462,0.9807692307692308,1.0,0.019230769230769162,real_world_sir/tl_multiplicative_derivative_results/tl_multiplicative_derivative
0,17.696874105341294,1.7617401489065254,0.7610294117647058,baseline,0.23897058823529416,real_world_lotka_volterra/tl_multiplicative_derivative_results/tl_multiplicative_derivative
1,15.880416632035198,1.5809101311047495,0.7132352941176471,0.25,0.2867647058823529,real_world_lotka_volterra/tl_multiplicative_derivative_results/tl_multiplicative_derivative
2,15.711178413727705,1.5640623102892233,0.7426470588235294,0.0,0.25735294117647056,real_world_lotka_volterra/tl_multiplicative_derivative_results/tl_multiplicative_derivative
3,15.645445944056792,1.5575185822716815,0.7352941176470589,0.5,0.2647058823529411,real_world_lotka_volterra/tl_multiplicative_derivative_results/tl_multiplicative_derivative
4,17.52349024626788,1.7444796257269095,0.7352941176470589,0.125,0.2647058823529411,real_world_lotka_volterra/tl_multiplicative_derivative_results/tl_multiplicative_derivative
5,15.043263867322135,1.4975708008035886,0.6764705882352942,1.0,0.32352941176470584,real_world_lotka_volterra/tl_multiplicative_derivative_results/tl_multiplicative_derivative
6,15.043263867322135,1.4975708008035886,0.6764705882352942,0.0625,0.32352941176470584,real_world_lotka_volterra/tl_multiplicative_derivative_results/tl_multiplicative_derivative
7,18.733010801427504,1.864888513209998,0.7794117647058824,baseline,0.22058823529411764,real_world_lotka_volterra/tl_multiplicative_derivative_results/tl_multiplicative_derivative
8,16.534669219521913,1.64604157997195,0.7536764705882353,0.25,0.24632352941176472,real_world_lotka_volterra/tl_multiplicative_derivative_results/tl_multiplicative_derivative
9,13.35231350966061,1.3292351321896028,0.8161764705882353,0.0,0.18382352941176472,real_world_lotka_volterra/tl_multiplicative_derivative_results/tl_multiplicative_derivative
10,16.37416775019029,1.6300635105797592,0.7132352941176471,0.5,0.2867647058823529,real_world_lotka_volterra/tl_multiplicative_derivative_results/tl_multiplicative_derivative
11,17.81239367687001,1.773240228860487,0.7132352941176471,0.125,0.2867647058823529,real_world_lotka_volterra/tl_multiplicative_derivative_results/tl_multiplicative_derivative
12,15.587403450909784,1.551740398513859,0.6838235294117647,1.0,0.3161764705882353,real_world_lotka_volterra/tl_multiplicative_derivative_results/tl_multiplicative_derivative
13,15.587403450909784,1.551740398513859,0.6838235294117647,0.0625,0.3161764705882353,real_world_lotka_volterra/tl_multiplicative_derivative_results/tl_multiplicative_derivative
14,18.446633990904864,1.836379437437048,0.7683823529411765,baseline,0.23161764705882348,real_world_lotka_volterra/tl_multiplicative_derivative_results/tl_multiplicative_derivative
15,18.647812485638788,1.8564069422471976,0.7132352941176471,0.25,0.2867647058823529,real_world_lotka_volterra/tl_multiplicative_derivative_results/tl_multiplicative_derivative
16,14.747817888259888,1.4681588809329569,0.8198529411764706,0.0,0.18014705882352944,real_world_lotka_volterra/tl_multiplicative_derivative_results/tl_multiplicative_derivative
17,15.35935604981815,1.5290380692795869,0.7058823529411765,0.5,0.2941176470588235,real_world_lotka_volterra/tl_multiplicative_derivative_results/tl_multiplicative_derivative
18,17.971460312562833,1.7890754592397862,0.7316176470588235,0.125,0.2683823529411765,real_world_lotka_volterra/tl_multiplicative_derivative_results/tl_multiplicative_derivative
19,15.169960393793446,1.5101835569368391,0.6727941176470589,1.0,0.3272058823529411,real_world_lotka_volterra/tl_multiplicative_derivative_results/tl_multiplicative_derivative
20,15.169960393793446,1.5101835569368391,0.6727941176470589,0.0625,0.3272058823529411,real_world_lotka_volterra/tl_multiplicative_derivative_results/tl_multiplicative_derivative
21,20.050276503619024,1.996023529513692,0.7720588235294118,baseline,0.2279411764705882,real_world_lotka_volterra/tl_multiplicative_derivative_results/tl_multiplicative_derivative
22,17.26188882076039,1.7184369623964053,0.6948529411764706,0.25,0.30514705882352944,real_world_lotka_volterra/tl_multiplicative_derivative_results/tl_multiplicative_derivative
23,14.82545029483122,1.4758872586508989,0.8235294117647058,0.0,0.17647058823529416,real_world_lotka_volterra/tl_multiplicative_derivative_results/tl_multiplicative_derivative
24,15.549744301964257,1.5479913954822466,0.6838235294117647,0.5,0.3161764705882353,real_world_lotka_volterra/tl_multiplicative_derivative_results/tl_multiplicative_derivative
25,18.221766364378087,1.8139936576951912,0.7316176470588235,0.125,0.2683823529411765,real_world_lotka_volterra/tl_multiplicative_derivative_results/tl_multiplicative_derivative
26,14.900000039268942,1.483308754508578,0.7573529411764706,1.0,0.24264705882352944,real_world_lotka_volterra/tl_multiplicative_derivative_results/tl_multiplicative_derivative
27,14.900000039268942,1.483308754508578,0.7573529411764706,0.0625,0.24264705882352944,real_world_lotka_volterra/tl_multiplicative_derivative_results/tl_multiplicative_derivative
28,18.78849412424424,1.8704119291996888,0.7683823529411765,baseline,0.23161764705882348,real_world_lotka_volterra/tl_multiplicative_derivative_results/tl_multiplicative_derivative
29,16.095286898669077,1.6023006644431146,0.7794117647058824,0.25,0.22058823529411764,real_world_lotka_volterra/tl_multiplicative_derivative_results/tl_multiplicative_derivative
30,15.711623217638802,1.5641065909290643,0.8161764705882353,0.0,0.18382352941176472,real_world_lotka_volterra/tl_multiplicative_derivative_results/tl_multiplicative_derivative
31,16.16487031846888,1.609227758099871,0.6727941176470589,0.5,0.3272058823529411,real_world_lotka_volterra/tl_multiplicative_derivative_results/tl_multiplicative_derivative
32,16.737178783192356,1.6662015939231192,0.7132352941176471,0.125,0.2867647058823529,real_world_lotka_volterra/tl_multiplicative_derivative_results/tl_multiplicative_derivative
33,15.34084090502122,1.527194869528184,0.6838235294117647,1.0,0.3161764705882353,real_world_lotka_volterra/tl_multiplicative_derivative_results/tl_multiplicative_derivative
34,15.34084090502122,1.527194869528184,0.6838235294117647,0.0625,0.3161764705882353,real_world_lotka_volterra/tl_multiplicative_derivative_results/tl_multiplicative_derivative
